{
    "modulesContent": {
        "$edgeAgent": {
            "properties.desired": {
                "schemaVersion": "1.0",
                "runtime": {
                    "type": "docker",
                    "settings": {
                        "minDockerVersion": "v1.25",
                        "loggingOptions": "",
                        "registryCredentials": {
                            "ACR_NAME": {
                                "username": "ACR_USER",
                                "password": "ACR_PASSWORD",
                                "address": "ACR_ADDRESS"
                            }
                        }
                    }
                },
                "systemModules": {
                    "edgeAgent": {
                        "type": "docker",
                        "settings": {
                            "image": "mcr.microsoft.com/azureiotedge-agent:1.0",
                            "createOptions": ""
                        }
                    },
                    "edgeHub": {
                        "type": "docker",
                        "status": "running",
                        "restartPolicy": "always",
                        "settings": {
                            "image": "mcr.microsoft.com/azureiotedge-hub:1.0",
                            "createOptions": "{\"HostConfig\":{\"PortBindings\":{\"5671/tcp\":[{\"HostPort\":\"5671\"}], \"8883/tcp\":[{\"HostPort\":\"8883\"}],\"443/tcp\":[{\"HostPort\":\"443\"}]}}}"
                        }
                    }
                },
                "modules": {
                    "i2ctemp": {
                        "version": "1.0",
                        "type": "docker",
                        "status": "running",
                        "restartPolicy": "always",
                        "settings": {
                            "image": "{ACR_NAME}.azurecr.io/i2ctemp:1.0.0-x64",
                            "createOptions": "{\"HostConfig\":{\"Devices\":[{\"CgroupPermissions\":\"\",\"PathInContainer\":\"\",\"PathOnHost\":\"class/A11EE3C6-8421-4202-A3E7-B91FF90188E4\"}],\"Isolation\":\"Process\"}}"
                        }
                    }
                }
            }
        },
        "$edgeHub": {
            "properties.desired": {
                "schemaVersion": "1.0",
                "routes": {
                    "sensorToSampleModule": "FROM /messages/modules/i2ctemp/outputs/temperatureOutput INTO $upstream"
                },
                "storeAndForwardConfiguration": {
                    "timeToLiveSecs": 7200
                }
            }
        }
    }
}